timestamp_sec,point_index,x,y,z,intensity,velocity
1744011699,0,0.92150193,0.118534535,-0.32596996,12.9,0.604349
1744011699,1,0.92720205,0.14816816,-0.29633632,13.4,-0.604349
1744011699,0,0.7528432,-0.15557657,-0.38894144,12.1,0.604349
1744011699,1,0.7774469,-0.15557657,-0.33708256,11.9,-0.604349
1744011699,0,0.3365243,0.39758456,-0.24200802,13.3,0.604349
1744011699,1,0.7599541,-0.18150601,-0.36301202,11.5,0.604349
1744011699,2,0.8439041,-0.059267268,-0.5037718,11.7,0.604349
1744011699,3,0.33873692,0.41487086,-0.20743543,11.6,-0.604349
1744011699,4,0.78818274,-0.15557657,-0.31115314,11.5,-0.604349
1744011699,5,0.8780719,-0.029633634,-0.4445045,11.5,-0.604349
1744011699,0,0.8609025,-0.059267268,-0.47413814,12.0,0.604349
1744011699,1,0.8909782,-0.059267268,-0.41487086,11.7,-0.604349
1744011699,0,0.8412985,-0.0889009,-0.5037718,11.6,0.604349
1744011699,0,0.7840275,-0.059267268,-0.59267265,13.5,0.604349
1744011699,1,0.82708716,-0.029633634,-0.5334054,13.9,-0.604349
1744011699,0,2.1733932,0.27658057,0.69145143,11.4,0.604349
1744011699,1,3.7438767,0.45932135,0.5741517,11.3,0.604349
1744011699,2,1.1130303,-0.2667027,-0.9334595,11.4,-0.604349
1744011699,0,0.5875011,-0.07408408,-0.56797796,12.3,-0.604349
1744011699,1,0.6783394,-0.059267268,-0.7112072,12.7,-0.604349
1744011699,2,1.427422,-0.12964715,0.086431436,12.5,-0.604349
1744011699,3,1.1708122,-0.12964715,-0.8210986,12.5,-0.604349
1744011699,0,0.4651142,0.37782884,0.35683835,15.2,0.604349
1744011699,1,0.7082616,0.31238788,0.5395791,13.4,0.604349
1744011699,2,3.7561834,-0.5741517,0.34449098,11.5,0.604349
1744011699,0,0.4944994,0.3148574,0.37782884,15.1,0.604349
1744011699,1,0.6552204,-0.0,-0.49389392,13.6,-0.604349
1744011699,0,0.5370929,0.31115317,0.40005407,15.6,0.604349
1744011699,0,0.54262614,0.3049795,0.4691992,18.0,0.604349
1744011699,1,0.70108217,0.07408408,-0.41980982,12.9,-0.604349
1744011699,0,0.7278737,0.13582082,0.5161191,16.5,0.604349
1744011699,1,0.5813109,0.16421972,-0.49265915,15.8,-0.604349
1744011699,0,0.3581754,0.38894144,0.31485736,12.7,0.604349
1744011699,1,0.69408864,0.12347348,0.41980982,11.8,0.604349
1744011699,2,0.40495768,0.31115317,-0.5334054,11.8,-0.604349
1744011699,0,0.73214316,-0.0,0.37042046,18.7,0.604349
1744011699,1,3.443636,-0.9087648,-1.2495515,13.8,-0.604349
1744011699,2,5.247379,-1.1668245,-1.3335136,18.0,-0.604349
1744011699,0,0.83283377,-0.21731332,0.27164164,15.2,0.604349
1744011699,1,0.3070582,0.39881936,-0.48278132,11.7,-0.604349
1744011699,2,1.9446776,-0.8297417,-0.89888686,11.6,-0.604349
1744011699,3,3.2429333,-0.9087648,-1.703934,15.1,-0.604349
1744011699,4,3.5955229,-1.4668648,-2.1336217,13.1,-0.604349
1744011699,5,4.688062,-2.0002704,-2.1669595,18.4,-0.604349
1744011699,0,0.4218636,0.3556036,0.3556036,16.3,0.604349
1744011699,1,0.8706898,-0.2271912,0.28398898,15.0,0.604349
1744011699,2,0.860909,-0.2271912,0.31238788,12.7,-0.604349
1744011699,3,1.9080497,-0.8445586,-1.0556983,14.8,-0.604349
1744011699,4,3.158103,-0.56180435,-1.9101348,15.2,-0.604349
1744011699,5,3.57934,-1.1890496,-2.2459824,13.6,-0.604349
1744011699,6,4.842576,-1.3335136,-2.333649,20.0,-0.604349
1744011699,7,5.065394,-1.852102,-2.9633634,11.7,-0.604349
1744011699,8,5.4173164,-2.3114235,-2.5040421,15.0,-0.604349
1744011699,0,0.37431374,0.25682482,0.47413814,11.6,0.604349
1744011699,1,1.9067513,-0.633419,-1.196458,13.4,-0.604349
1744011699,2,3.1299944,-0.22472173,-2.0224955,14.6,-0.604349
1744011699,3,3.6373188,-0.80010813,-2.4003243,15.4,-0.604349
1744011699,4,4.652365,-1.0001352,-2.8337164,15.1,-0.604349
1744011699,5,5.2352324,-1.2964715,-2.9633634,13.9,-0.604349
1744011699,0,0.38035998,0.2667027,0.16298498,23.8,0.604349
1744011699,1,0.43425035,0.20990491,0.5037718,12.5,0.604349
1744011699,2,4.1856756,-1.3236356,-3.309089,12.6,0.604349
1744011699,3,1.8607347,-0.633419,-1.266838,11.6,-0.604349
1744011699,4,3.3390906,-0.80010813,-2.8003783,13.4,-0.604349
1744011699,5,4.51297,-0.99272674,-2.9781802,16.5,-0.604349
1744011699,0,0.41354358,0.22225225,0.14816816,21.9,0.604349
1744011699,1,0.6446119,0.1172998,0.4222793,11.4,0.604349
1744011699,2,1.4021003,-0.36301202,-0.93345946,11.4,0.604349
1744011699,0,0.4769746,0.17656706,0.16051552,19.5,0.604349
1744011699,1,0.8755931,0.21731332,0.027164165,11.2,0.604349
1744011699,0,0.548548,0.06914514,0.15557657,15.5,0.604349
1744011699,1,0.6004061,-0.16421972,0.4691992,12.1,0.604349
1744011699,0,0.5961328,-0.03704204,0.14816816,12.3,0.604349
1744011699,0,0.5969953,-0.12964715,0.07408408,12.1,0.604349
1744011699,1,0.581764,-0.44450453,0.37042046,12.9,0.604349
1744011699,2,2.6812294,-1.7187508,1.6113288,11.5,0.604349
1744011699,0,0.3002934,0.43339187,0.08025776,11.7,0.604349
1744011699,1,0.6315238,-0.37042046,0.37042046,11.7,0.604349
1744011699,2,2.1280406,0.7161462,-0.7877608,12.2,0.604349
1744011700,0,0.5763053,-0.5963769,0.23336487,15.9,0.604349
1744011700,1,1.2140386,-0.26793745,-0.26793745,11.2,0.604349
1744011700,0,0.50308484,0.27658057,0.017286286,12.3,0.604349
1744011700,1,1.3415304,-0.16298498,0.08149249,12.4,0.604349
1744011700,2,0.8991834,-0.77417874,-0.6519399,12.4,0.604349
1744011700,0,0.625075,0.2667027,0.28892794,12.3,0.604349
1744011700,1,0.5240591,-0.48895496,-0.1778018,12.3,0.604349
1744011700,2,0.625075,0.2667027,0.28892794,14.5,-0.604349
1744011700,0,1.1942136,-0.5704475,-0.28522375,13.1,0.604349
1744011700,1,2.1136587,0.07408408,-1.2594295,11.5,0.604349
1744011700,2,0.5239184,0.33584785,0.3148574,12.6,-0.604349
1744011700,0,0.52417624,0.3160921,0.23706907,15.8,0.604349
1744011700,1,1.1444647,-0.47413814,-0.43462664,12.7,0.604349
1744011700,2,2.0690446,-0.0,-1.3335135,11.8,0.604349
1744011700,3,0.50985354,0.35683835,0.3148574,22.0,-0.604349
1744011700,4,0.51582235,0.4445045,0.7112072,11.6,-0.604349
1744011700,0,0.4777315,0.3148574,0.39881936,23.5,-0.604349
1744011700,1,0.5806919,0.3556036,0.7112072,15.9,-0.604349
1744011700,0,0.27868333,0.21731332,0.55316114,25.4,-0.604349
1744011700,1,0.55842483,0.3160921,0.13829029,25.4,-0.604349
1744011700,0,0.33526352,0.059267268,0.3556036,19.7,-0.604349
1744011700,1,0.3478313,0.25682482,0.49389386,24.3,-0.604349
1744011700,2,0.6577146,0.33955204,0.70997244,13.7,-0.604349
1744011700,0,0.30541116,0.33584785,0.47413814,23.5,-0.604349
1744011700,1,3.0436993,-0.0,2.6892521,13.0,-0.604349
1744011700,2,2.2239106,2.6892521,2.0780585,13.0,-0.604349
1744011700,0,0.3540542,0.103717715,0.32596996,13.9,0.604349
1744011700,1,0.53267014,0.3753594,0.079023026,15.2,0.604349
1744011700,2,0.3340952,0.33584785,0.4543824,15.2,0.604349
1744011700,3,1.058713,-0.5037718,-0.7556577,14.9,0.604349
1744011700,4,0.324279,0.103717715,0.3556036,19.2,-0.604349
1744011700,5,0.25528896,0.31485736,0.4630255,22.7,-0.604349
1744011700,6,0.4857988,0.37042043,0.07408408,22.7,-0.604349
1744011700,0,0.49978215,0.39511514,0.15804605,14.6,0.604349
1744011700,1,0.41814655,0.39511514,0.3160921,17.5,-0.604349
1744011700,2,0.67558116,0.4630255,0.6173674,11.3,-0.604349
1744011700,0,0.49001718,0.37042043,0.03704204,14.4,-0.604349
1744011700,1,0.24778846,0.38894144,0.40746248,14.4,-0.604349
1744011700,2,0.7219447,0.43215713,0.586499,15.9,-0.604349
1744011700,0,0.46079445,0.40746248,-0.01852102,16.0,-0.604349
1744011700,1,0.21438949,0.38894144,0.4259835,16.0,-0.604349
1744011700,2,0.67558116,0.4630255,0.6173674,13.3,-0.604349
1744011700,3,3.0608332,-0.7334324,2.5670135,13.9,-0.604349
1744011700,0,1.0776865,-0.4617908,-0.7556577,11.5,0.604349
1744011700,1,0.42557722,0.4445045,0.0,15.9,-0.604349
1744011700,2,0.29806265,0.35189942,0.40746248,15.9,-0.604349
1744011700,3,0.6796328,0.5037718,0.5037718,15.8,-0.604349
1744011700,4,1.7261546,-0.66552204,0.7865261,12.7,-0.604349
1744011700,0,0.44757742,0.40746248,-0.111126125,12.4,-0.604349
1744011700,1,0.5261718,0.4691992,0.41980982,11.3,-0.604349
1744011700,2,1.7799841,-0.5334054,0.6519399,11.4,-0.604349
1744011700,3,3.0608332,-0.7334324,2.5670135,11.7,-0.604349
1744011700,4,3.121259,1.7113422,1.9558198,11.7,-0.604349
1744011700,0,0.47756732,0.5185886,0.41980982,14.5,-0.604349
1744011700,1,1.8315327,-0.41487086,0.59267265,14.6,-0.604349
1744011700,0,0.4619899,0.56797796,0.37042046,13.8,-0.604349
1744011700,0,0.47270018,0.5395791,0.3049795,12.9,-0.604349
1744011700,1,1.8046079,-0.23213013,0.6383578,13.9,-0.604349
1744011700,0,0.15094027,-0.05432833,0.03457257,13.2,-0.604349
1744011700,1,0.4946962,0.6741651,0.20743543,13.2,-0.604349
1744011700,2,1.8813566,-0.11606506,0.40622774,16.1,-0.604349
1744011700,0,0.1551638,-0.04445045,0.029633634,17.4,-0.604349
1744011700,1,1.8705853,0.05803253,0.46426025,19.7,-0.604349
1744011700,0,0.1580454,-0.039511513,0.019755756,19.3,-0.604349
1744011700,1,0.20790331,0.24694693,0.059267268,11.4,-0.604349
1744011700,2,0.3243182,0.009877878,0.049389392,11.4,-0.604349
1744011700,3,1.8920665,0.23213013,0.29016265,15.9,-0.604349
1744011700,0,0.12054277,-0.022225225,0.011112613,20.1,-0.604349
1744011700,1,0.24017319,-0.051858857,0.014816817,18.2,-0.604349
1744011700,2,1.8705853,0.40622774,0.23213013,16.9,-0.604349
1744011700,3,2.1860995,0.13335136,0.33337837,12.0,-0.604349
1744011700,0,0.12167572,-0.014816817,0.011112613,22.4,-0.604349
1744011700,1,1.7987885,0.56797796,0.0567978,16.4,-0.604349
1744011700,0,0.27765775,0.051858857,0.051858857,19.6,-1.208698
1744011700,1,0.12161933,-0.0037042042,0.01852102,23.5,-0.604349
1744011700,2,1.6363204,0.851967,0.3975846,16.8,-0.604349
1744011700,3,2.261788,0.34572572,0.20743543,11.8,-0.604349
1744011700,0,0.11841823,0.0037042042,0.03333784,26.6,-0.604349
1744011700,1,1.7077082,0.7951692,0.1135956,13.7,-0.604349
1744011700,2,1.8041407,0.80257756,0.55563056,12.6,-0.604349
1744011700,0,1.5564995,0.96556264,0.4543824,12.2,0.604349
1744011700,1,0.11518774,0.014816817,0.040746246,28.7,-0.604349
1744011700,2,1.5053298,0.9445721,0.5000676,11.5,-0.604349
1744011700,3,1.7524617,0.66552204,0.7260241,12.0,-0.604349
1744011700,0,0.080057725,0.004938939,0.017286286,23.1,0.604349
1744011700,1,1.5939835,0.889009,0.2778153,13.6,0.604349
1744011700,2,0.078829534,0.004938939,0.022225225,21.4,-0.604349
1744011700,3,1.537794,0.9445721,0.38894144,15.5,-0.604349
1744011700,4,1.8969009,0.66552204,0.0,12.1,-0.604349
1744011700,0,0.081716366,-0.0,0.0074084084,19.5,0.604349
1744011700,1,0.19503257,0.055563066,0.03086837,19.0,0.604349
1744011700,2,1.735813,0.7383714,-0.0567978,12.5,0.604349
1744011700,3,1.9473672,0.48401603,0.12100401,11.6,0.604349
1744011700,4,0.081117146,-0.0,0.012347348,16.6,-0.604349
1744011700,5,0.19668666,0.049389392,0.03086837,20.9,-0.604349
1744011700,6,1.7598076,0.68157357,0.0,12.3,-0.604349
1744011700,7,2.272945,0.4222793,0.35189942,11.5,-0.604349
1744011700,8,1.3555969,1.9002568,-0.14075977,11.5,-0.604349
1744011700,0,0.122854084,-0.0,0.0074084084,25.9,0.604349
1744011700,1,0.12195732,0.0074084084,0.014816817,18.9,-0.604349
1744011700,2,0.19561796,0.06173674,0.0,22.3,-0.604349
1744011700,3,0.19118379,-0.07408408,0.006173674,22.3,-0.604349
1744011700,4,2.039174,0.123473465,0.1852102,14.7,-0.604349
1744011700,5,2.1858203,0.5432833,0.13582082,14.9,-0.604349
1744011701,0,0.08201433,-0.0,0.0024694696,23.1,0.604349
1744011701,1,1.6659577,0.7778829,0.16668919,13.9,0.604349
1744011701,2,0.081566975,0.004938939,0.0074084084,13.8,-0.604349
1744011701,3,0.1621591,-0.024694696,0.004938939,22.2,-0.604349
1744011701,4,1.651066,0.7778829,0.2778153,13.3,-0.604349
1744011701,0,0.081977144,-0.0024694696,0.0024694696,25.9,0.604349
1744011701,1,0.12235046,-0.011112613,0.0074084084,23.9,-0.604349
1744011701,2,1.9386753,0.29633632,0.1778018,11.2,-0.604349
1744011701,0,0.08141731,-0.009877878,0.0024694696,26.6,0.604349
1744011701,1,1.7966797,0.6519399,-0.47413814,13.0,0.604349
1744011701,2,0.120086595,-0.025929429,0.0074084084,24.6,-0.604349
1744011701,3,0.747041,0.21113965,0.07037988,14.8,-0.604349
1744011701,0,0.08190272,-0.0,0.004938939,26.8,0.604349
1744011701,1,0.08130488,0.004938939,0.009877878,19.2,-0.604349
1744011701,2,0.19736373,0.055563066,0.006173674,25.9,-0.604349
1744011701,3,1.8388087,0.5803253,0.0,12.3,-0.604349
1744011701,0,0.08107955,-0.012347348,0.0024694696,17.8,0.604349
1744011701,1,0.14065067,-0.08396196,0.009877878,20.9,0.604349
1744011701,2,0.1371382,-0.0889009,0.014816817,19.7,-0.604349
1744011701,0,0.081566975,-0.0074084084,0.004938939,17.4,0.604349
1744011701,1,0.156728,-0.04445045,0.019755756,17.5,0.604349
1744011701,2,0.081379846,-0.0074084084,0.0074084084,19.1,-0.604349
1744011701,3,0.15453367,-0.049389392,0.024694696,21.1,-0.604349
1744011701,0,0.08167904,-0.0074084084,0.0024694696,29.0,0.604349
1744011701,1,1.7340585,0.6111937,-0.16668919,13.3,0.604349
1744011701,2,0.081379846,-0.0074084084,0.0074084084,20.0,-0.604349
1744011701,3,0.08779533,0.13829029,0.009877878,26.5,-0.604349
1744011701,4,0.14373852,-0.079023026,0.004938939,26.5,-0.604349
1744011701,5,0.15850775,0.03457257,0.024694696,26.5,-0.604349
1744011701,6,0.7158139,0.3049795,0.046919923,13.1,-0.604349
1744011701,7,0.7219387,-0.25805956,0.14075977,13.1,-0.604349
1744011701,8,1.7605615,0.5556306,0.0,12.4,-0.604349
1744011701,9,1.9473672,0.48401603,0.12100401,11.7,-0.604349
1744011701,0,0.08201433,-0.0024694696,0.0,31.0,0.604349
1744011701,1,0.04093274,0.0012347348,0.0024694696,22.3,-0.604349
1744011701,2,0.03217406,0.006173674,-0.024694696,22.3,-0.604349
1744011701,3,0.15973413,0.03457257,-0.014816817,25.7,-0.604349
1744011701,4,0.14634532,-0.07408408,0.004938939,25.7,-0.604349
1744011701,5,1.4203056,1.2186832,-0.46426025,11.5,-0.604349
1744011701,0,0.04093274,0.0024694696,0.0012347348,31.3,0.604349
1744011701,1,0.029838497,0.0074084084,-0.027164165,31.3,0.604349
1744011701,2,0.17581335,0.104952455,0.012347348,30.3,-2.417396
1744011701,3,0.068968154,-0.04445045,0.0,26.7,-0.604349
1744011701,4,0.07391892,0.019755756,-0.029633634,26.7,-0.604349
1744011701,5,0.04957373,0.064206205,0.012347348,26.7,-0.604349
1744011701,6,1.6631757,0.66675675,-0.4445045,13.4,-0.604349
1744011701,0,0.06798856,-0.027164165,-0.03704204,26.6,0.604349
1744011701,1,0.07254491,-0.03704204,0.009877878,26.6,0.604349
1744011701,2,0.058750104,0.0567978,-0.0074084084,26.6,0.604349
1744011701,3,6.1695857,0.5593348,0.0,13.0,3.0217452
1744011701,4,4.276023,1.3051145,-4.2882333,13.0,3.0217452
1744011701,5,4.3923182,-2.7966743,-3.356009,13.0,3.0217452
1744011701,6,0.06353746,-0.051858857,-0.0024694696,25.3,-0.604349
1744011701,7,0.07948437,-0.004938939,-0.019755756,25.3,-0.604349
1744011701,8,0.06339333,0.051858857,-0.004938939,25.3,-0.604349
1744011701,0,0.033085164,0.006173674,-0.023459962,28.1,0.604349
1744011701,1,4.8904567,0.9383984,-3.7535937,11.8,3.0217452
1744011701,2,4.007704,-3.3782344,-3.3782344,11.8,3.0217452
1744011701,3,0.08106975,0.0889009,0.025929429,32.4,-0.604349
1744011701,4,0.05290552,0.0889009,-0.06667568,32.4,-0.604349
1744011701,5,0.114230804,0.011112613,0.04445045,32.4,-0.604349
1744011701,6,1.9046041,0.42351404,-0.48401603,12.6,-0.604349
1744011701,7,0.80034703,1.391546,-1.21004,12.6,-0.604349
1744011701,0,0.069803104,0.039511513,-0.017286286,27.5,0.604349
1744011701,1,0.03217406,-0.016051551,-0.019755756,28.7,-0.604349
1744011701,2,0.030818729,0.011112613,-0.024694696,28.7,-0.604349
1744011701,0,0.11754599,0.03333784,-0.014816817,30.4,0.604349
1744011701,0,0.08201433,-0.0,0.0024694696,27.7,0.604349
1744011701,1,0.06104094,0.0074084084,-0.05432833,27.7,0.604349
1744011701,0,0.08077814,-0.0074084084,-0.012347348,25.8,0.604349
1744011701,1,0.044105556,0.0024694696,-0.06914514,25.8,0.604349
1744011701,2,2.009046,-0.1852102,-0.3704204,14.1,0.604349
1744011701,3,2.123655,-0.19261861,0.064206205,11.6,0.604349
1744011701,0,0.081117146,-0.009877878,-0.0074084084,26.6,0.604349
1744011701,1,2.024166,-0.123473465,-0.3086837,13.0,-0.604349
1744011701,0,0.081117146,-0.009877878,-0.0074084084,23.8,0.604349
1744011701,1,0.08130488,-0.009877878,-0.004938939,26.5,-0.604349
1744011701,2,1.7693076,0.5000676,-0.16668919,11.6,-0.604349
1744011701,0,0.08036184,-0.014816817,-0.0074084084,22.7,0.604349
1744011701,1,1.7918476,0.4445045,0.0,13.1,0.604349
1744011701,2,0.080551334,-0.014816817,-0.004938939,25.5,-0.604349
1744011701,3,1.790986,0.4445045,0.055563062,13.3,-0.604349
1744011701,0,0.07959938,-0.017286286,-0.009877878,17.6,0.604349
1744011701,1,0.4385357,0.5371096,0.9667973,11.6,0.604349
1744011701,2,2.188983,-0.47537288,0.27164164,13.6,0.604349
1744011701,3,0.080551334,-0.014816817,-0.004938939,18.9,-0.604349
1744011701,4,1.8307856,0.3975846,0.2271912,11.6,-0.604349
1744011701,5,2.1815965,-0.40746248,0.40746248,14.5,-0.604349
1744011701,0,0.07959938,-0.017286286,-0.009877878,24.0,0.604349
1744011701,1,0.4399952,0.465495,1.0026046,13.4,0.604349
1744011701,2,1.6958923,0.52229285,-0.75442296,11.7,0.604349
1744011701,3,0.080551334,-0.014816817,-0.004938939,24.0,-0.604349
1744011701,4,1.7244468,0.5803253,-0.6383578,13.3,-0.604349
1744011701,0,0.08036184,-0.014816817,-0.0074084084,26.8,0.604349
1744011701,1,1.7693076,0.5000676,0.16668919,15.4,0.604349
1744011701,2,0.080057725,-0.017286286,-0.004938939,22.5,-0.604349
1744011701,3,1.7098547,0.6111937,0.33337837,13.5,-0.604349
1744011701,4,1.5871569,0.5803253,-0.9285205,13.3,-0.604349
1744011701,5,1.7792357,0.5803253,0.46426025,13.3,-0.604349
1744011701,6,1.6809326,-0.6963904,-0.6383578,13.3,-0.604349
1744011701,0,0.08077814,-0.012347348,-0.0074084084,27.4,0.604349
1744011701,1,0.080551334,-0.014816817,-0.004938939,24.9,-0.604349
1744011701,2,1.7819564,0.59267265,-0.59267265,11.3,-0.604349
1744011701,0,0.081379846,-0.0074084084,-0.0074084084,27.9,0.604349
1744011701,1,1.8130791,0.5111802,0.1135956,12.6,0.604349
1744011701,2,0.08186548,-0.004938939,-0.0024694696,25.9,-0.604349
1744011701,3,1.8130791,0.5111802,0.1135956,12.9,-0.604349
1744011701,0,0.08077814,-0.012347348,-0.0074084084,27.7,0.604349
1744011701,1,0.08107955,-0.012347348,-0.0024694696,25.4,-0.604349
1744011701,0,0.08096665,-0.012347348,-0.004938939,28.0,0.604349
1744011701,1,0.08066482,-0.014816817,-0.0024694696,26.6,-0.604349
1744011701,2,0.059215363,-0.0,-0.0567978,26.6,-0.604349
1744011701,0,0.08036184,-0.014816817,-0.0074084084,26.5,0.604349
1744011701,1,0.08066482,-0.014816817,-0.0024694696,23.8,-0.604349
1744011701,2,0.059215363,-0.0,-0.0567978,23.8,-0.604349
1744011701,0,0.08077814,-0.012347348,-0.0074084084,27.7,0.604349
1744011701,1,2.1345825,-0.67910415,0.27164164,11.7,0.604349
1744011701,2,0.08107955,-0.012347348,-0.0024694696,25.4,-0.604349
1744011701,3,0.056743633,-0.0,-0.059267268,25.4,-0.604349
1744011701,0,0.081117146,-0.009877878,-0.0074084084,23.6,0.604349
1744011701,1,0.08141731,-0.009877878,-0.0024694696,23.2,-0.604349
1744011701,2,0.056689873,0.0024694696,-0.059267268,23.2,-0.604349
1744011701,0,0.080551334,-0.014816817,-0.004938939,24.8,0.604349
1744011701,1,0.054046504,-0.0,-0.061736733,24.8,0.604349
1744011701,2,0.081454754,-0.009877878,0.0,25.7,-0.604349
1744011701,3,0.056689873,0.0024694696,-0.059267268,25.7,-0.604349
1744011702,0,0.08175367,-0.004938939,-0.004938939,25.5,0.604349
1744011702,0,0.08130488,-0.009877878,-0.004938939,27.3,0.604349
1744011702,1,1.9623473,-0.36301205,-0.24200802,12.5,0.604349
1744011702,2,1.7091056,0.90753007,-0.544518,12.5,0.604349
1744011702,3,2.162487,-0.20373124,0.6111937,13.4,0.604349
1744011702,4,0.15727179,-0.04445045,-0.014816817,21.5,1.208698
1744011702,0,0.11939906,-0.029633634,-0.0037042042,27.4,0.604349
1744011702,0,0.117136724,-0.03704204,-0.0074084084,23.5,0.604349
1744011702,1,0.66934156,0.31115317,-0.022225225,11.9,0.604349
1744011702,2,1.8734592,0.2271912,0.0,13.6,0.604349
1744011702,0,0.114230804,-0.04445045,-0.011112613,19.3,0.604349
1744011702,1,1.8837626,0.1135956,0.0,16.4,0.604349
1744011702,0,0.11229248,-0.048154656,-0.014816817,18.0,0.604349
1744011702,1,1.9264629,0.05803253,-0.05803253,16.4,0.604349
1744011702,2,0.114530705,-0.04445045,-0.0074084084,21.0,-0.604349
1744011702,3,1.9238389,0.11606506,0.05803253,17.1,-0.604349
1744011702,0,1.9238389,0.05803253,-0.11606506,15.1,0.604349
1744011702,1,1.9247139,0.11606506,0.0,13.1,-0.604349
1744011702,0,0.15358365,-0.05432833,-0.019755756,19.1,-0.604349
1744011702,1,1.8803344,0.1135956,-0.1135956,18.3,-0.604349
1744011702,0,0.11701953,-0.03333784,-0.01852102,22.1,-0.604349
1744011702,1,1.8656944,0.2271912,-0.17039339,17.0,-0.604349
1744011702,0,0.11939907,-0.025929429,-0.014816817,26.6,-0.604349
1744011702,1,1.8012989,0.38894144,-0.111126125,14.0,-0.604349
1744011702,0,0.08051348,-0.012347348,-0.009877878,27.8,-0.604349
1744011702,1,1.8413278,0.3975846,0.1135956,11.2,-0.604349
1744011702,0,0.08077814,-0.012347348,-0.0074084084,26.7,-0.604349
1744011702,1,0.051088277,-0.0,-0.064206205,26.7,-0.604349
1744011702,2,2.1496046,-0.0,0.32720473,11.4,-0.604349
1744011702,0,0.0808536,-0.009877878,-0.009877878,29.8,0.604349
1744011702,1,0.079867065,-0.017286286,-0.0074084084,26.5,-0.604349
1744011702,2,0.051028557,-0.0024694696,-0.064206205,26.5,-0.604349
1744011702,0,0.081117146,-0.0074084084,-0.009877878,27.9,0.604349
1744011702,1,0.081566975,-0.0074084084,-0.004938939,22.8,-0.604349
1744011702,2,0.051028557,0.0024694696,-0.064206205,22.8,-0.604349
1744011702,3,0.4082877,0.33708256,-0.064206205,13.1,-0.604349
1744011702,4,0.528969,-0.048154652,-0.048154652,13.1,-0.604349
1744011702,0,0.081566975,-0.004938939,-0.0074084084,25.6,0.604349
1744011702,1,0.047756724,0.0024694696,-0.06667568,25.6,0.604349
1744011702,2,0.05399006,0.0024694696,-0.061736733,23.7,-0.604349
1744011702,3,0.08186548,-0.004938939,-0.0024694696,23.7,-0.604349
1744011702,0,0.08130488,-0.004938939,-0.009877878,23.5,0.604349
1744011702,1,0.047820527,-0.0,-0.06667568,23.5,0.604349
1744011702,2,0.053820364,0.004938939,-0.061736733,25.6,-0.604349
1744011702,3,0.08186548,-0.0024694696,-0.004938939,25.6,-0.604349
1744011702,0,0.08141731,-0.0024694696,-0.009877878,22.4,0.604349
1744011702,1,0.047564797,0.004938939,-0.06667568,22.4,0.604349
1744011702,2,0.08175367,-0.004938939,-0.004938939,27.4,-0.604349
1744011702,3,0.05399006,0.0024694696,-0.061736733,27.4,-0.604349
1744011702,0,0.08077814,-0.012347348,-0.0074084084,26.0,0.604349
1744011702,1,0.054046504,-0.0,-0.061736733,26.0,0.604349
1744011702,2,0.08186548,-0.004938939,-0.0024694696,28.0,-0.604349
1744011702,3,0.05652828,0.004938939,-0.059267268,28.0,-0.604349
1744011702,0,0.08077814,-0.012347348,-0.0074084084,27.9,0.604349
1744011702,1,2.0363686,-0.0,-0.24694693,11.3,0.604349
1744011702,0,0.08077814,-0.012347348,-0.0074084084,25.2,0.604349
1744011702,1,1.9611927,0.1778018,0.0,13.1,0.604349
1744011702,0,0.1189385,-0.029633634,-0.011112613,25.9,0.604349
1744011702,0,0.12014371,-0.022225225,-0.014816817,26.0,0.604349
1744011702,1,1.8642733,0.3481952,-0.3481952,11.3,0.604349
1744011702,2,0.12054277,-0.022225225,-0.011112613,26.6,-0.604349
1744011702,0,0.11962868,-0.022225225,-0.01852102,23.6,0.604349
1744011702,1,1.852494,0.40622774,-0.3481952,12.0,0.604349
1744011702,2,0.121167205,-0.01852102,-0.011112613,20.4,-0.604349
1744011702,3,1.8488544,0.46426025,-0.29016265,12.9,-0.604349
1744011702,0,0.12014371,-0.022225225,-0.014816817,28.7,0.604349
1744011702,1,0.08096665,-0.012347348,-0.004938939,25.3,-0.604349
1744011702,2,0.20326221,0.024694696,-0.012347348,22.5,-0.604349
1744011702,0,0.21097602,-0.12594295,0.014816817,21.2,-1.813047
1744011702,1,0.23879814,0.051858857,-0.029633634,21.2,-1.813047
1744011702,2,0.27331904,0.08643143,-0.017286286,11.8,-1.208698
1744011702,3,0.2561043,-0.12964714,0.008643143,11.8,-1.208698
1744011702,4,0.08201433,-0.0,-0.0024694696,27.4,-0.604349
1744011702,5,1.8415538,0.52229285,0.23213013,14.8,-0.604349
1744011702,6,1.5871569,0.5803253,-0.9285205,14.8,-0.604349
1744011702,7,2.0799577,0.18891442,-0.12594295,12.2,-0.604349
1744011702,0,0.08141731,-0.009877878,-0.0024694696,30.0,-0.604349
1744011702,1,1.7971276,0.6963904,0.05803253,14.3,-0.604349
1744011702,0,0.081977144,-0.0024694696,0.0024694696,28.4,-0.604349
1744011702,1,0.058385674,0.009877878,-0.0567978,28.4,-0.604349
1744011702,0,0.08066482,0.0024694696,-0.014816817,30.6,-0.604349
1744011702,0,2.1142948,0.89888686,0.0,16.4,0.604349
1744011702,1,1.2015976,1.4520481,-1.3137578,16.4,0.604349
1744011702,2,4.3285418,1.1186696,-4.2882333,12.8,2.417396
1744011702,3,2.6629114,-3.356009,-4.4746785,12.8,2.417396
1744011702,4,6.1836553,0.37288988,0.0,12.8,2.417396
1744011702,5,0.03283075,0.0074084084,-0.023459962,27.2,-0.604349
1744011702,6,0.02826414,-0.019755756,-0.022225225,27.2,-0.604349
1744011702,0,0.08009581,0.009877878,-0.014816817,26.7,0.604349
1744011702,1,0.055383958,0.012347348,-0.059267268,31.4,-0.604349
1744011702,2,0.08190272,0.004938939,0.0,31.4,-0.604349
1744011702,3,0.0397417,-0.046919923,-0.05432833,31.4,-0.604349
1744011703,0,0.08051348,-0.009877878,-0.012347348,25.9,0.604349
1744011703,1,0.053820364,0.004938939,-0.061736733,25.9,0.604349
1744011703,2,0.55295336,0.48895496,-0.022225225,12.5,0.604349
1744011703,3,0.7367894,0.022225225,0.04445045,12.5,0.604349
1744011703,4,1.8561263,0.52229285,0.0,11.6,0.604349
1744011703,5,1.0510001,0.5803253,-1.5088459,11.6,0.604349
1744011703,6,0.08186548,-0.004938939,-0.0024694696,30.7,-0.604349
1744011703,7,0.0587501,0.0074084084,-0.0567978,30.7,-0.604349
1744011703,0,0.08201433,0.0024694696,0.0,28.3,0.604349
1744011703,1,0.081977144,0.0024694696,0.0024694696,31.2,-0.604349
1744011703,2,0.06237508,0.012347348,-0.051858857,31.2,-0.604349
1744011703,0,0.08186548,0.004938939,-0.0024694696,23.8,0.604349
1744011703,1,0.15094027,0.064206205,-0.004938939,25.6,0.604349
1744011703,2,0.15453367,-0.05432833,-0.009877878,25.6,0.604349
1744011703,3,0.087097965,-0.13829029,-0.014816817,25.6,0.604349
1744011703,4,1.7987885,0.56797796,0.0567978,12.7,0.604349
1744011703,5,0.08186548,0.004938939,0.0024694696,29.4,-0.604349
1744011703,6,0.059676994,0.014816817,-0.05432833,29.4,-0.604349
1744011703,7,1.7725931,0.62477577,0.17039339,11.9,-0.604349
1744011703,0,0.08186548,-0.0024694696,-0.004938939,25.1,0.604349
1744011703,1,0.5056051,-0.39511514,-0.13829029,11.7,0.604349
1744011703,2,1.6556993,0.9865531,-0.05803253,13.1,0.604349
1744011703,3,0.0820515,-0.0,0.0,28.3,-0.604349
1744011703,4,1.6165903,1.0445857,0.11606506,13.5,-0.604349
1744011703,0,0.13104406,0.098778784,0.0,22.1,0.604349
1744011703,1,0.22604649,0.09630931,0.014816817,30.1,-0.604349
1744011703,2,1.6165863,1.0668108,0.3556036,11.5,-0.604349
1744011703,3,1.0912124,1.2446127,-1.0668108,11.5,-0.604349
1744011703,0,0.081117146,0.009877878,0.0074084084,27.9,0.604349
1744011703,1,1.986449,0.30251,0.060502004,14.7,0.604349
1744011703,2,0.08051348,0.012347348,0.009877878,23.2,-0.604349
1744011703,3,0.20030007,0.13335136,0.051858857,26.8,-0.604349
1744011703,4,1.4962652,1.0791582,0.3975846,12.4,-0.604349
1744011703,5,1.8652886,1.0272993,0.12841241,14.3,-0.604349
1744011703,0,0.07647352,0.019755756,0.022225225,29.7,0.604349
1744011703,1,0.56398845,-0.33584785,0.0,13.1,0.604349
1744011703,2,1.9688653,0.36301205,0.18150602,12.5,0.604349
1744011703,3,0.07250286,0.027164165,0.027164165,29.6,-0.604349
1744011703,4,1.8185506,-0.6383578,-0.05803253,14.8,-0.604349
1744011703,5,0.9411142,1.6829435,0.0,14.8,-0.604349
1744011703,6,1.3118324,-0.46426025,-1.3347483,14.8,-0.604349
1744011703,7,1.983683,0.30251,0.12100401,14.4,-0.604349
1744011703,0,0.07587308,0.009877878,0.029633634,25.5,0.0
1744011703,0,0.071529046,0.027164165,0.029633634,20.5,0.604349
1744011703,1,0.068257116,0.029633634,0.03457257,19.6,-0.604349
1744011703,2,0.14927374,0.09630931,-0.17039339,11.7,-0.604349
1744011703,0,0.070498556,0.019755756,0.03704204,19.8,0.604349
1744011703,1,0.06104095,-0.032103103,0.04445045,19.8,0.604349
1744011703,2,0.14517297,0.0889009,-0.1778018,14.2,0.604349
1744011703,3,0.066903554,0.022225225,0.04198098,17.6,-0.604349
1744011703,4,0.05843787,-0.029633634,0.049389392,17.6,-0.604349
1744011703,5,0.16163096,0.0889009,-0.16298498,14.5,-0.604349
1744011703,0,0.06676669,0.017286286,0.04445045,23.9,0.604349
1744011703,1,0.16548991,0.08149249,-0.16298498,17.7,0.604349
1744011703,2,1.1663829,0.33955207,1.9014915,12.4,0.604349
1744011703,3,2.101925,0.7470145,0.33955207,12.4,0.604349
1744011703,4,0.062472768,0.019755756,0.049389392,19.0,-0.604349
1744011703,5,0.17531362,0.0889009,-0.14816816,17.5,-0.604349
1744011703,0,0.05957472,0.022225225,0.051858857,20.4,0.604349
1744011703,1,0.15748355,0.20743543,-0.12100401,15.5,0.604349
1744011703,2,0.051127445,0.25929427,0.11236086,15.5,0.604349
1744011703,3,1.5654753,0.6173674,1.172998,14.2,0.604349
1744011703,4,0.05582266,0.019755756,0.0567978,20.6,-0.604349
1744011703,5,0.17436704,0.20743543,-0.09507457,14.9,-0.604349
1744011703,0,0.04711393,0.019755756,0.064206205,24.7,0.604349
1744011703,1,1.3455088,0.6173674,1.4199449,14.9,0.604349
1744011703,2,2.656544,1.8335811,-4.5006084,15.4,0.604349
1744011703,3,4.676193,2.333649,1.8335811,15.4,0.604349
1744011703,4,0.19516504,0.12594295,-0.08149249,14.3,-0.604349
1744011703,0,0.06458411,0.014816817,0.103717715,21.6,0.604349
1744011703,1,0.25257972,0.12964714,-0.043215714,12.0,0.604349
1744011703,2,1.384599,0.3086837,1.4816816,14.2,0.604349
1744011703,3,3.4740028,1.6792393,-4.0301743,16.3,0.604349
1744011703,4,4.474445,2.5188591,2.183011,16.3,0.604349
1744011703,0,0.065846495,0.0074084084,0.103717715,21.9,0.604349
1744011703,1,3.4861567,2.0150871,3.8622506,11.6,0.604349
1744011703,0,0.059034303,0.011112613,0.10742193,17.4,0.604349
1744011703,0,0.03312965,-0.0,-0.118534535,15.8,0.604349
1744011703,1,0.20434985,0.14693344,0.13829029,15.6,0.604349
1744011703,2,0.981515,-0.103717715,0.58773375,11.6,0.604349
1744011703,3,4.0534153,-2.2324004,-0.27905005,13.8,0.604349
1744011703,0,0.33787265,-0.32596996,-0.14816816,26.1,-0.604349
1744011703,1,0.6656299,-0.46672973,0.28522372,14.9,-0.604349
1744011703,2,1.1318941,0.4445045,-1.3890766,18.3,-0.604349
1744011703,0,0.41354358,-0.2518859,-0.0889009,30.2,-0.604349
1744011703,1,0.6260717,-0.28522372,0.51858854,16.1,-0.604349
1744011703,2,1.408928,0.5556306,-1.0556982,19.1,-0.604349
1744011703,3,1.7166972,0.1778018,-0.9482763,12.4,-0.604349
1744011703,4,4.5888114,-2.3892117,1.1149656,11.2,-0.604349
1744011703,0,0.29601195,-0.31238788,0.13582082,19.9,0.604349
1744011703,1,0.44861835,-0.040746246,0.027164165,19.9,0.604349
1744011703,2,1.2658035,0.66675675,-1.1668243,15.9,0.604349
1744011703,3,0.28939447,-0.31238788,0.1494029,22.1,-0.604349
1744011703,4,0.44758916,-0.040746246,0.040746246,22.1,-0.604349
1744011703,5,1.3311865,0.7223198,-1.0556982,15.2,-0.604349
1744011703,6,4.7677703,-1.2742462,1.9113693,12.1,-0.604349
1744011703,0,0.3293174,-0.34078678,0.13335136,12.4,0.604349
1744011703,1,0.32292217,-0.34078678,0.14816816,12.4,0.604349
1744011703,2,0.48940185,-0.04445045,0.029633634,12.4,0.604349
1744011703,3,1.2523173,0.7778829,-1.1112612,11.3,0.604349
1744011703,4,0.3076021,-0.34078678,0.1778018,20.2,-0.604349
1744011703,5,1.8148806,0.25682482,-1.0915055,11.3,-0.604349
1744011703,6,3.017978,-0.27411112,-0.18274075,12.4,-0.604349
1744011703,0,0.22388768,-0.14693344,-0.103717715,12.8,0.604349
1744011703,1,3.0359056,-0.0,0.0,11.7,-0.604349
1744011703,0,0.23159616,-0.16421972,-0.043215714,12.3,0.604349
1744011703,1,0.20562536,-0.19879228,-0.025929429,14.7,-0.604349
1744011703,2,0.39830285,-0.13582082,0.16298498,14.5,-0.604349
1744011703,0,0.31090552,-0.24447748,0.21731332,12.5,0.604349
1744011703,1,0.6966108,-0.7951691,-0.44944343,11.3,0.604349
1744011703,2,0.655049,-0.44944343,0.8297417,11.3,0.604349
1744011703,3,0.28199422,-0.14816816,-0.079023026,13.9,-0.604349
1744011703,4,0.28939444,-0.2308954,0.25805956,16.2,-0.604349
1744011703,5,0.77228624,-0.7605966,-0.3802983,11.4,-0.604349
1744011703,0,0.3518235,-0.16298498,0.2308954,15.6,0.604349
1744011703,1,0.8314375,-0.6334189,-0.3667162,13.0,0.604349
1744011703,2,0.25625008,-0.103717715,-0.077788286,19.1,-0.604349
1744011703,3,0.3279423,-0.1494029,0.27164164,19.2,-0.604349
1744011703,4,3.0221245,0.091370374,-0.27411112,13.7,-0.604349
1744011703,0,0.34252477,-0.16298498,0.24447748,14.8,0.604349
1744011703,1,0.26974243,-0.077788286,-0.060502004,21.9,-0.604349
1744011703,2,0.29581922,-0.16051553,0.2345996,13.9,-0.604349
1744011703,3,0.38147175,-0.27658057,0.32843944,13.0,-0.604349
1744011703,4,2.988791,0.27411112,-0.45685187,12.4,-0.604349
1744011703,0,0.35780254,-0.1494029,0.2308954,16.3,0.604349
1744011703,1,0.23180051,-0.08149249,-0.014816817,14.6,-0.604349
1744011703,2,0.30818734,-0.11112613,0.24694696,17.9,-0.604349
1744011703,3,0.39380553,-0.20743543,0.36301202,11.8,-0.604349
1744011703,0,0.24323866,0.03704204,0.0074084084,16.2,0.604349
1744011703,1,0.29787362,-0.11112613,0.2592943,13.8,0.604349
1744011703,2,0.24570817,-0.0,0.014816817,16.3,-0.604349
1744011703,3,0.27911332,-0.098778784,0.28398898,15.4,-0.604349
1744011703,0,0.23427345,-0.014816817,0.07408408,15.7,0.604349
1744011703,1,0.23368703,-0.022225225,0.07408408,15.2,-0.604349
1744011703,0,0.21110605,-0.04445045,0.118534535,18.0,0.604349
1744011703,1,0.28747576,-0.21731332,0.27164164,12.0,0.604349
1744011703,2,0.20356165,-0.03704204,0.13335136,22.6,-0.604349
1744011704,0,0.34485662,-0.15557657,0.43215716,14.5,0.604349
1744011704,1,0.21864113,0.059267268,0.09630931,26.0,-0.604349
1744011704,0,0.20503922,-0.051858857,0.12594295,23.0,-0.604349
1744011704,0,0.23960121,-0.051858857,0.022225225,13.7,0.604349
1744011704,1,0.40047905,-0.049389392,0.07408408,13.3,0.604349
1744011704,2,0.2866584,-0.11112613,0.27164164,13.3,0.604349
1744011704,3,0.21851559,-0.022225225,0.111126125,19.7,-0.604349
1744011704,4,0.8922886,0.13582082,0.0,11.2,-0.604349
1744011704,5,0.651369,-0.0,0.62477577,11.2,-0.604349
1744011704,0,0.2396012,-0.022225225,-0.051858857,15.8,0.604349
1744011704,1,0.31696668,-0.13582082,0.22225226,12.8,0.604349
1744011704,2,0.2921894,-0.14816816,0.24694696,13.7,-0.604349
1744011704,0,0.37996775,-0.07408408,0.13582082,17.5,0.604349
1744011704,1,3.0359056,-0.0,0.0,15.0,0.604349
1744011704,2,0.2264104,-0.09630931,-0.0074084084,11.5,-0.604349
1744011704,3,0.36876872,-0.049389392,0.17286287,14.6,-0.604349
1744011704,4,3.029023,0.091370374,0.18274075,14.0,-0.604349
1744011704,0,0.33046395,-0.21731332,0.21731332,18.4,0.604349
1744011704,1,3.017978,-0.18274075,0.27411112,12.7,0.604349
1744011704,2,0.22311385,-0.103717715,-0.0074084084,14.5,-0.604349
1744011704,3,0.910477,-0.3556036,-0.118534535,17.2,-0.604349
1744011704,0,0.23845312,-0.059267268,-0.014816817,20.6,-0.604349
1744011704,0,1.1546597,-0.49759808,0.19138388,11.2,-1.208698
1744011704,1,0.246043,-0.0,0.0074084084,22.7,-0.604349
1744011704,0,1.2223305,-1.0124824,0.55686533,12.8,-1.208698
1744011704,1,0.20241664,0.012347348,0.03086837,22.0,-0.604349
1744011704,0,0.18345179,-0.06791041,0.06173674,20.5,0.604349
1744011704,1,0.124547906,-0.06791041,0.14816816,20.5,0.604349
1744011704,2,0.15884368,0.055563066,0.1172998,20.5,0.604349
1744011704,3,0.49469617,-0.41487086,0.57044744,14.2,0.604349
1744011704,4,0.72602004,0.20743543,0.41487086,14.2,0.604349
1744011704,5,1.4323763,1.0223604,-0.68157357,17.2,0.604349
1744011704,6,0.19561796,-0.03704204,0.049389392,17.8,-0.604349
1744011704,7,1.4402375,1.0791582,-0.56797796,12.1,-0.604349
1744011704,0,0.21857935,-0.25805956,0.2988058,13.2,0.604349
1744011704,1,1.3607684,1.0791582,-0.7383714,17.6,0.604349
1744011704,2,0.21517698,-0.24447748,0.31238788,15.3,-0.604349
1744011704,3,1.4165232,1.0791582,-0.62477577,16.2,-0.604349
1744011704,0,0.17903098,-0.04445045,0.16298498,15.3,-0.604349
1744011704,1,0.5231011,-0.41487086,0.544518,12.5,-0.604349
1744011704,2,1.2349402,1.1668243,-0.7223198,12.2,-0.604349
1744011704,0,0.19434737,0.043215718,0.049389392,19.4,0.604349
1744011704,1,0.19078465,0.043215718,0.06173674,18.3,-0.604349
1744011704,0,0.24051572,0.03704204,0.03704204,25.9,0.604349
1744011704,1,0.4033241,0.07408408,0.012347348,17.4,1.208698
1744011704,2,1.210195,1.3063494,-0.62477577,11.4,-0.604349
1744011704,3,1.7394923,0.5778558,-1.0915055,11.7,-0.604349
1744011704,0,0.2369523,0.06667568,0.0,23.1,0.604349
1744011704,0,0.23474154,-0.07408408,0.0,23.7,0.604349
1744011704,1,0.24413954,0.022225225,-0.022225225,23.7,0.604349
1744011704,2,0.16184428,-0.1494029,0.3938804,12.9,-0.604349
1744011704,3,0.4335624,-0.09507457,0.08149249,12.9,-0.604349
1744011704,4,0.7362687,-0.7383714,-0.22472171,12.1,-0.604349
1744011704,0,0.27859783,0.03457257,-0.060502004,15.5,0.604349
1744011704,1,0.2791336,0.043215714,-0.051858857,14.9,-0.604349
1744011704,2,0.3652377,-0.024694696,0.18521023,12.3,-0.604349
1744011704,0,0.34520712,-0.17656706,0.2308954,17.1,0.604349
1744011704,1,1.0348918,1.3631471,-0.7951692,11.4,0.604349
1744011704,2,0.274274,0.03457257,-0.077788286,15.3,-0.604349
1744011704,3,0.33241197,-0.16298498,0.25805956,16.0,-0.604349
1744011704,4,1.0395572,1.4199449,-0.68157357,13.7,-0.604349
1744011704,0,0.3199702,-0.24447748,0.20373122,17.5,0.604349
1744011704,1,0.26087284,0.060502004,-0.103717715,23.7,-0.604349
1744011704,2,0.30095622,-0.24447748,0.2308954,14.2,-0.604349
1744011704,3,1.0348918,1.3631471,-0.7951692,12.4,-0.604349
1744011704,0,0.23879814,-0.051858857,0.029633634,12.0,0.604349
1744011704,1,0.3631757,-0.2308954,0.13582082,16.7,0.604349
1744011704,2,0.65954167,-0.103717715,0.544518,12.0,0.604349
1744011704,3,0.22543867,-0.022225225,-0.09630931,19.4,-0.604349
1744011704,4,0.3518235,-0.2308954,0.16298498,14.4,-0.604349
1744011704,0,0.2164969,-0.111126125,0.03704204,17.1,0.604349
1744011704,1,0.66360676,-0.18150601,0.51858854,12.3,0.604349
1744011704,2,0.23180051,0.014816817,-0.08149249,14.8,-0.604349
1744011704,3,0.22249801,-0.08149249,-0.06667568,14.8,-0.604349
1744011704,0,0.19975129,-0.14075977,0.029633634,16.3,0.604349
1744011704,1,0.3506272,-0.29633632,0.1778018,11.5,0.604349
1744011704,2,0.6409299,-0.33708256,0.46672973,17.0,0.604349
1744011704,3,1.3392621,1.2495515,-0.4543824,11.4,0.604349
1744011704,4,2.8595724,0.17533234,0.525997,12.2,0.604349
1744011704,5,0.19698448,-0.14075977,0.04445045,14.2,-0.604349
1744011704,6,0.21136586,-0.08149249,-0.09630931,14.2,-0.604349
1744011704,7,1.3026292,1.3063494,-0.3975846,12.0,-0.604349
1744011704,0,0.23368703,-0.07408408,0.022225225,11.5,0.604349
1744011704,1,0.37265587,-0.35313413,0.14446396,13.1,0.604349
1744011704,2,0.48765856,-0.16051552,-0.14446396,13.1,0.604349
1744011704,3,0.6714504,-0.48895496,0.35313413,14.6,0.604349
1744011704,4,1.5651759,0.8149249,0.3802983,17.0,0.604349
1744011704,5,1.2074971,1.1408949,-0.70626825,17.0,0.604349
1744011704,6,1.640373,0.9285205,0.40622774,13.5,0.604349
1744011704,7,1.3510385,1.2186832,-0.6383578,13.5,0.604349
1744011704,8,2.8496058,-0.34572574,-0.086431436,11.5,0.604349
1744011704,9,0.23879814,-0.051858857,0.029633634,16.7,-0.604349
1744011704,10,0.3660287,-0.35313413,0.16051552,13.1,-0.604349
1744011704,11,0.5009503,-0.14446396,-0.11236086,13.1,-0.604349
1744011704,12,1.2899626,1.2223874,-0.5000676,15.8,-0.604349
1744011704,0,0.28538877,-0.40005407,-0.029633634,14.0,0.604349
1744011704,1,0.4624156,-0.13335136,-0.103717715,14.0,0.604349
1744011704,2,0.678012,-0.5432833,0.24447748,12.2,0.604349
1744011704,3,1.4800067,1.0791582,-0.4543824,21.9,0.604349
1744011704,4,2.7929504,-0.70132935,-0.43833083,11.8,0.604349
1744011704,5,0.23049457,-0.07408408,-0.04445045,14.9,-0.604349
1744011704,6,1.4679693,1.1359559,-0.34078678,19.6,-0.604349
1744011704,7,2.8420494,-0.61366314,-0.17533234,12.0,-0.604349
1744011704,0,1.4800067,1.1359559,-0.28398898,25.5,0.604349
1744011704,1,0.19267319,-0.06791041,-0.01852102,21.9,-0.604349
1744011704,2,1.4525046,1.1927538,-0.17039339,21.5,-0.604349
1744011704,0,0.30652964,-0.38523725,0.0,15.3,0.604349
1744011704,1,1.5699135,1.0223604,-0.2271912,21.8,0.604349
1744011704,2,2.0331383,1.2174485,-0.21484384,15.0,0.604349
1744011704,3,0.187561,-0.06173674,-0.055563066,12.7,-0.604349
1744011704,4,1.5821948,1.0223604,-0.1135956,18.0,-0.604349
1744011704,5,2.0432034,1.2174485,-0.071614616,11.7,-0.604349
1744011704,0,0.44800553,-0.24077326,-0.16051552,15.6,0.604349
1744011704,1,0.18603069,-0.086431436,0.0,13.4,-0.604349
1744011704,0,0.48207903,-0.14446396,-0.17656706,16.1,0.604349
1744011704,1,1.3607684,1.0791582,-0.7383714,15.9,0.604349
1744011704,2,0.1709775,-0.098778784,-0.055563066,13.6,-0.604349
1744011704,3,0.48765856,-0.16051552,-0.14446396,17.4,-0.604349
1744011704,4,1.3900865,1.0791582,-0.68157357,16.1,-0.604349
1744011704,0,0.4908184,-0.08025776,-0.19261861,17.3,0.604349
1744011704,1,1.1791413,1.3063494,-0.68157357,12.0,0.604349
1744011704,2,0.5086066,-0.12841241,-0.096309304,17.8,-0.604349
1744011704,3,1.1750302,1.3631471,-0.56797796,13.5,-0.604349
1744011704,0,1.1838864,1.2779504,-0.6111937,12.0,0.604349
1744011704,1,1.5129266,0.8494975,0.31856155,11.3,-0.604349
1744011704,2,1.1747239,1.3335135,-0.5000676,13.5,-0.604349
1744011705,0,0.34271124,-0.29633632,-0.19261862,20.1,0.604349
1744011705,1,0.39033008,-0.2518859,-0.16298498,21.3,-0.604349
1744011705,0,0.24969368,-0.1778018,-0.38523725,23.7,0.604349
1744011705,1,0.182067,-0.41487086,-0.19261862,23.7,0.604349
1744011705,2,0.27002484,-0.22472171,-0.40128878,14.6,-0.604349
1744011705,3,4.074769,2.685548,3.401694,12.4,-0.604349
1744011705,0,4.2149243,2.6448019,1.4001892,13.5,-0.604349
1744011705,1,4.930317,2.8843403,1.8027127,12.4,-0.604349
1744011705,2,5.323321,-1.0816276,2.5237978,12.4,-0.604349
1744011705,0,0.3498323,0.3691857,0.16051552,12.8,-0.604349
1744011705,1,5.89129,-0.0,-1.0816276,11.5,-0.604349
1744011705,0,0.095089994,-0.040746246,0.06667568,19.2,-0.604349
1744011705,1,0.57053995,0.24447748,0.40005407,11.7,-0.604349
1744011705,2,1.647543,0.1740976,0.9865531,11.4,-0.604349
1744011705,3,1.8402237,-0.56674325,0.81862915,14.8,-0.604349
1744011705,0,0.11326579,-0.01852102,0.04445045,27.0,-0.604349
1744011705,1,1.650063,0.4543824,0.7951692,13.1,-0.604349
1744011705,2,2.0366101,-0.18891442,0.4408003,14.9,-0.604349
1744011705,0,0.12054277,-0.011112613,0.022225225,25.1,0.604349
1744011705,1,2.0279286,-0.1852102,0.24694693,12.0,0.604349
1744011705,2,0.120086595,-0.0074084084,0.025929429,23.0,-0.604349
1744011705,3,2.024166,-0.123473465,0.3086837,12.0,-0.604349
1744011705,0,0.16223429,-0.019755756,0.014816817,26.2,-0.604349
1744011705,1,2.11344,-0.39264566,0.32720473,12.7,-0.604349
1744011705,0,0.32068762,0.06914514,0.009877878,23.4,-1.813047
1744011705,1,1.910385,0.47413814,0.059267268,16.6,-1.208698
1744011705,2,0.12212596,-0.014816817,0.0037042042,28.4,-0.604349
1744011705,3,1.727816,0.6111937,0.22225225,13.1,-0.604349
1744011705,4,2.2193217,-0.0,0.40746248,11.2,-0.604349
1744011705,0,0.3179375,0.079023026,-0.019755756,30.1,-1.813047
1744011705,1,0.12025786,0.025929429,-0.0037042042,27.8,-0.604349
1744011705,2,2.115876,0.19261861,-0.19261861,11.5,-0.604349
1744011705,0,0.08186548,-0.0024694696,-0.004938939,24.0,0.604349
1744011705,1,0.27167064,-0.5013023,0.06914514,11.3,0.604349
1744011705,2,1.6061403,-0.75442296,-0.75442296,11.5,0.604349
1744011705,3,0.12212596,-0.014816817,-0.0037042042,21.1,-0.604349
1744011705,4,0.3202309,0.06914514,-0.019755756,13.5,-0.604349
1744011705,0,0.08167904,-0.0074084084,-0.0024694696,22.5,0.604349
1744011705,1,0.08167904,-0.0074084084,0.0024694696,21.8,-0.604349
1744011705,2,0.21654217,-0.465495,0.14446396,12.6,-0.604349
1744011705,3,2.149183,-0.2667027,0.46672973,11.3,-0.604349
1744011705,0,0.08190272,-0.0,-0.004938939,26.4,0.604349
1744011705,1,0.08190272,0.004938939,0.0,21.9,-0.604349
1744011705,2,2.073192,-0.20743543,0.96803206,11.6,-0.604349
1744011705,3,1.9544868,1.1754675,0.27658057,11.6,-0.604349
1744011705,0,0.08186548,-0.0024694696,-0.004938939,16.2,0.604349
1744011705,1,0.08201433,-0.0024694696,0.0,16.8,-0.604349
1744011705,0,0.12212596,0.014816817,-0.0037042042,27.8,0.604349
1744011705,1,0.6143141,0.40005407,0.0889009,12.1,0.604349
1744011705,2,1.8157706,0.5803253,0.29016265,12.8,0.604349
1744011705,3,2.041976,-0.061736733,-0.1852102,12.9,0.604349
1744011705,0,0.15649435,-0.049389392,0.0,27.4,0.604349
1744011705,1,1.8194762,0.6383578,0.0,14.1,0.604349
1744011705,2,2.0453532,-0.0,-0.4408003,11.4,0.604349
1744011705,0,0.081716366,-0.0074084084,0.0,19.7,0.604349
1744011705,1,0.20429093,-0.01852102,0.0,25.7,0.604349
1744011705,2,2.001443,-0.123473465,-0.43215713,12.6,0.604349
1744011705,3,0.081566975,-0.0074084084,0.004938939,25.6,-0.604349
1744011705,4,2.0194533,-0.1852102,-0.3086837,13.8,-0.604349
1744011705,5,2.1093836,-0.065440945,0.52352756,12.2,-0.604349
1744011705,0,0.122574545,-0.011112613,0.0,20.7,0.604349
1744011705,1,0.19128345,-0.07408408,0.0,20.5,0.604349
1744011705,2,0.1931671,0.06791041,-0.012347348,20.5,0.604349
1744011705,3,2.1426203,-0.26176378,0.26176378,16.0,0.604349
1744011705,4,0.12251856,-0.011112613,0.0037042042,22.4,-0.604349
1744011705,0,0.12099723,-0.022225225,-0.0037042042,16.2,0.604349
1744011705,1,0.19128345,0.07408408,0.0,15.9,0.604349
1744011705,2,0.10011855,-0.17903654,0.0,15.9,0.604349
1744011705,3,0.12161933,-0.01852102,0.0037042042,18.7,-0.604349
1744011705,0,0.12235046,-0.011112613,-0.0074084084,13.2,0.604349
1744011705,1,2.0075822,-0.41487086,1.0371771,12.1,0.604349
1744011705,2,0.122854084,-0.0074084084,0.0,14.7,-0.604349
1744011705,3,0.18867534,-0.080257766,0.006173674,12.3,-0.604349
1744011705,4,0.19736373,0.055563066,-0.006173674,12.3,-0.604349
1744011705,0,0.12212596,-0.014816817,-0.0037042042,26.6,0.604349
1744011705,1,2.0194533,-0.1852102,-0.3086837,15.0,0.604349
1744011705,2,0.12212596,-0.014816817,0.0037042042,23.3,-0.604349
1744011705,3,2.034496,-0.1852102,-0.1852102,12.7,-0.604349
1744011705,0,0.1203149,-0.025929429,0.0,28.0,-0.604349
1744011705,1,1.8678827,0.46426025,0.11606506,14.5,-0.604349
1744011705,2,2.077096,-0.0,-0.2518859,11.9,-0.604349
1744011705,0,2.1644948,-0.19632283,0.065440945,12.0,0.604349
1744011705,1,0.08190272,-0.004938939,0.0,26.6,-0.604349
1744011705,2,1.7448323,0.8124555,0.11606506,12.6,-0.604349
1744011705,0,0.081977144,-0.0024694696,-0.0024694696,27.8,0.604349
1744011705,1,0.08186548,-0.0024694696,0.004938939,23.9,-0.604349
1744011705,2,0.066903554,0.0074084084,-0.046919923,23.9,-0.604349
1744011705,3,0.15302674,-0.059267268,0.0,28.0,-0.604349
1744011705,4,0.1580454,0.039511513,-0.019755756,28.0,-0.604349
1744011705,5,0.068967044,0.14816816,-0.014816817,28.0,-0.604349
1744011705,6,1.8633698,0.46426025,0.1740976,12.4,-0.604349
1744011705,0,0.08175367,0.004938939,-0.004938939,25.5,0.604349
1744011705,1,0.12025786,0.025929429,-0.0037042042,22.9,-0.604349
1744011705,2,0.27084795,0.09507457,0.008643143,18.7,-0.604349
1744011705,0,0.1189385,0.029633634,-0.011112613,19.1,0.604349
1744011705,1,0.27873185,0.06914514,0.0,19.1,0.604349
1744011705,2,0.58591676,0.4445045,-0.06667568,11.2,0.604349
1744011705,3,0.081716366,0.0074084084,0.0,22.4,-0.604349
1744011705,0,0.117312305,0.03704204,-0.0037042042,12.1,0.604349
1744011705,1,0.11939906,-0.029633634,0.0037042042,12.1,0.604349
1744011705,2,1.7598076,0.68157357,0.0,11.6,0.604349
1744011705,3,1.9775711,-0.0,1.0865666,11.5,0.604349
1744011705,4,0.12025786,0.025929429,0.0037042042,12.2,-0.604349
1744011705,5,1.7330232,0.7383714,0.1135956,12.3,-0.604349
1744011705,6,1.8966242,-0.0,1.2223874,11.9,-0.604349
1744011705,0,0.0820515,-0.0,0.0,25.7,0.604349
1744011705,1,2.041976,-0.061736733,-0.1852102,13.8,0.604349
1744011705,2,2.0942316,-0.20373124,0.81492496,11.6,0.604349
1744011705,3,0.16140522,0.029633634,0.0,27.6,-0.604349
1744011705,4,0.61911976,0.40005407,0.04445045,12.0,-0.604349
1744011705,5,1.8524939,0.52229285,0.11606506,13.3,-0.604349
1744011705,0,2.0754287,-0.06791041,0.8828354,12.9,0.604349
1744011705,1,0.50759244,0.16051552,0.032103103,18.7,-1.813047
1744011705,2,0.1527076,0.059267268,0.009877878,30.0,-0.604349
1744011705,3,1.7662119,0.62477577,0.2271912,16.1,-0.604349
1744011705,4,1.9128343,0.7408408,0.0,11.2,-0.604349
1744011705,0,0.28509164,-0.03457257,0.0,13.6,0.604349
1744011705,1,0.2252184,0.17286286,-0.043215714,13.6,0.604349
1744011705,2,0.17797144,-0.22472171,0.017286286,13.6,0.604349
1744011705,3,0.40652442,0.049389392,0.024694696,23.3,0.604349
1744011705,4,0.60417944,0.42227927,-0.04445045,11.3,0.604349
1744011705,5,0.081566975,0.004938939,0.0074084084,14.2,-0.604349
1744011705,6,0.07146318,-0.1913839,0.01852102,17.7,-0.604349
1744011705,7,0.18633775,0.07408408,0.043215718,17.7,-0.604349
1744011706,0,0.14642863,0.07408408,0.0,12.0,0.604349
1744011706,1,0.30906734,0.10865666,0.019755756,23.9,0.604349
1744011706,2,1.8353643,0.7112072,0.059267268,14.1,0.604349
1744011706,3,0.14348374,0.079023026,0.009877878,18.5,-0.604349
1744011706,4,1.8657699,0.7260241,0.18150602,12.3,-0.604349
1744011706,0,0.08167904,-0.0024694696,0.0074084084,25.6,0.604349
1744011706,1,0.1564164,0.049389392,0.004938939,24.5,0.604349
1744011706,2,0.08107955,0.0024694696,0.012347348,14.3,-0.604349
1744011706,3,0.15029246,0.064206205,0.014816817,21.9,-0.604349
1744011706,4,0.1516448,-0.19261862,0.022225225,26.4,-0.604349
1744011706,5,0.23274568,0.06667568,0.04445045,26.4,-0.604349
1744011706,6,0.24950032,-0.20743543,0.049389392,26.2,-0.604349
1744011706,7,0.32671615,0.029633634,0.009877878,26.2,-0.604349
1744011706,8,2.002395,0.3704204,0.24694693,15.5,-0.604349
1744011706,0,0.08175367,0.004938939,0.004938939,26.5,0.604349
1744011706,1,1.986449,0.30251,0.060502004,13.0,0.604349
1744011706,2,0.081117146,0.0074084084,0.009877878,18.8,-0.604349
1744011706,3,0.21253115,0.118534535,0.03704204,30.1,-0.604349
1744011706,4,1.8930376,0.60502,0.30251,13.5,-0.604349
1744011706,5,2.0181508,0.64206207,0.25682482,15.8,-0.604349
1744011706,0,0.081716366,-0.0,0.0074084084,24.5,0.604349
1744011706,1,1.9919696,-0.12100401,-0.24200802,11.8,0.604349
1744011706,2,0.12218213,0.014816817,0.0,20.4,-0.604349
1744011706,3,0.094220236,0.07778829,0.014816817,20.4,-0.604349
1744011706,4,0.16645941,0.1172998,0.024694696,28.9,-0.604349
1744011706,5,0.31946826,0.06914514,0.029633634,30.0,-0.604349
1744011706,6,1.9873703,-0.18150602,-0.24200802,11.8,-0.604349
1744011706,7,1.8597552,1.0272993,0.19261861,11.9,-0.604349
1744011706,8,2.0844696,0.064206205,0.44944343,11.9,-0.604349
1744011706,0,0.08141731,-0.0024694696,0.009877878,25.4,0.604349
1744011706,1,0.45692322,0.1778018,0.04445045,16.7,-1.813047
1744011706,2,0.14584441,0.06914514,0.029633634,26.4,-0.604349
1744011706,3,0.26428685,0.103717715,0.043215714,31.0,-0.604349
1744011706,4,1.5814385,0.8297417,0.8297417,12.1,-0.604349
1744011706,5,2.115876,0.19261861,0.19261861,12.8,-0.604349
1744011706,6,1.4037414,1.6051551,-0.064206205,12.8,-0.604349
1744011706,0,0.08141731,-0.0024694696,0.009877878,25.5,0.604349
1744011706,1,0.22274455,0.103717715,0.014816817,33.4,-0.604349
1744011706,2,1.5397679,0.9285205,0.6963904,11.2,-0.604349
1744011706,3,1.5528355,1.0445857,-0.46426025,11.2,-0.604349
1744011706,4,1.5397679,-0.6963904,-0.9285205,11.2,-0.604349
1744011706,0,0.08077814,0.012347348,0.0074084084,28.0,0.604349
1744011706,1,0.07084372,-0.039511513,0.012347348,28.0,0.604349
1744011706,2,0.18209633,0.092605114,0.01852102,33.1,-0.604349
1744011706,0,0.081716366,-0.0,0.0074084084,17.9,0.604349
1744011706,1,0.16193295,0.12347348,0.024694696,15.6,0.604349
1744011706,2,6.1791706,0.3753594,0.7507188,11.6,4.230443
1744011706,3,5.238219,1.1260781,-3.1905549,11.6,4.230443
1744011706,4,0.081117146,-0.0,0.012347348,18.8,-0.604349
1744011706,5,0.13845992,0.14816816,0.03086837,16.5,-0.604349
1744011706,0,0.18209633,0.092605114,0.01852102,37.0,1.208698
1744011706,1,0.36419266,0.18521023,0.03704204,29.1,2.417396
1744011706,0,0.24413954,-0.022225225,0.022225225,31.7,1.208698
1744011706,1,0.20139311,0.14075977,-0.014816817,31.7,1.208698
1744011706,2,0.28377843,0.043215714,0.008643143,34.4,1.813047
1744011706,3,0.3468117,0.12223874,0.03333784,40.4,2.417396
1744011706,4,0.50759244,0.16051552,0.032103103,22.8,3.626094
1744011706,5,0.08130488,0.004938939,0.009877878,23.5,-0.604349
1744011706,6,0.06617033,0.012347348,-0.046919923,23.5,-0.604349
1744011706,0,0.1947392,0.06173674,0.01852102,27.1,0.604349
1744011706,1,0.04065244,0.0024694696,0.004938939,22.3,-0.604349
1744011706,2,0.03283075,0.0074084084,-0.023459962,22.3,-0.604349
1744011706,3,1.6363204,0.851967,0.3975846,11.6,-0.604349
1744011706,0,0.081566975,0.0074084084,0.004938939,16.1,0.604349
1744011706,1,0.22543867,0.09630931,0.022225225,29.6,0.604349
1744011706,2,0.3609447,0.07778829,0.0,27.1,1.208698
1744011706,3,0.081117146,0.0074084084,0.009877878,22.8,-0.604349
1744011706,4,1.9943091,0.6297148,-0.06297147,11.6,-0.604349
1744011706,0,0.08186548,0.004938939,0.0024694696,12.9,0.604349
1744011706,1,0.28020206,0.060502004,0.017286286,29.0,0.604349
1744011706,2,0.39045575,0.12347348,0.024694696,17.6,0.604349
1744011706,3,2.0466368,0.123473465,0.061736733,14.3,0.604349
1744011706,4,2.2193217,0.40746248,0.0,14.9,0.604349
1744011706,5,0.081379846,0.0074084084,0.0074084084,20.2,-0.604349
1744011706,6,2.0057044,0.060502004,0.12100401,13.4,-0.604349
1744011706,7,2.1789703,0.40005407,0.0,11.5,-0.604349
1744011706,0,0.08175367,0.004938939,0.004938939,21.5,0.604349
1744011706,1,2.002051,0.18150602,0.0,12.1,0.604349
1744011706,2,0.27590337,0.077788286,0.017286286,28.3,-0.604349
1744011706,3,2.149183,0.5334054,0.06667568,11.4,-0.604349
1744011706,0,0.08186548,0.0024694696,0.004938939,23.1,0.604349
1744011706,1,0.37573114,0.16051553,0.03704204,23.6,-1.208698
1744011706,2,0.081379846,0.0074084084,0.0074084084,14.9,-0.604349
1744011706,3,0.21369009,0.118534535,0.029633634,25.6,-0.604349
1744011706,4,1.973637,0.55563056,0.061736733,11.4,-0.604349
1744011706,0,0.08130488,0.009877878,0.004938939,26.3,0.604349
1744011706,1,0.114230804,0.04445045,0.011112613,26.2,-0.604349
1744011706,2,1.7592487,0.75442296,0.23213013,15.9,-0.604349
1744011706,3,1.8326662,1.0075436,0.06297147,11.3,-0.604349
1744011706,0,0.081716366,-0.0,0.0074084084,26.9,0.604349
1744011706,1,0.08107955,-0.0024694696,0.012347348,17.9,-0.604349
1744011706,2,0.05477501,-0.059267268,0.014816817,17.9,-0.604349
1744011706,3,0.2687714,0.09507457,0.03457257,29.0,-0.604349
1744011706,4,2.0569615,0.65440947,0.26176378,12.5,-0.604349
1744011706,0,0.18136227,0.092605114,0.024694696,22.8,0.604349
1744011706,1,0.1771093,0.098778784,0.03086837,25.3,-0.604349
1744011706,0,0.13651423,0.0889009,0.019755756,25.8,0.604349
1744011706,1,0.32871392,0.1666892,0.022225225,16.5,0.604349
1744011706,2,0.21719162,0.21113963,-0.21113963,16.5,0.604349
1744011706,3,0.13316754,0.09383985,0.019755756,26.3,-0.604349
1744011706,0,0.18209633,0.092605114,0.01852102,29.1,0.604349
1744011706,1,1.6174827,0.96556264,0.1135956,11.9,0.604349
1744011706,2,0.04065244,0.0024694696,0.004938939,21.2,-0.604349
1744011706,3,0.031912375,0.0074084084,-0.024694696,21.2,-0.604349
1744011706,0,0.08186548,0.004938939,0.0024694696,14.3,0.604349
1744011706,1,0.13784786,0.0889009,0.004938939,23.1,0.604349
1744011706,2,0.259149,0.12100401,0.025929429,29.6,0.604349
1744011706,3,0.081566975,0.004938939,0.0074084084,23.5,-0.604349
1744011706,4,1.960297,-0.059267268,0.1778018,11.9,-0.604349
1744011706,5,1.3759602,-0.5334054,-1.3038799,11.9,-0.604349
1744011706,6,0.53992295,0.6519399,-1.778018,11.9,-0.604349
1744011706,0,0.22942054,0.0889009,0.0074084084,29.5,0.604349
1744011706,1,2.2362778,0.48401603,0.20743543,13.2,0.604349
1744011706,2,0.43703118,0.22225225,0.04445045,17.2,1.208698
1744011706,3,0.081566975,0.004938939,0.0074084084,22.4,-0.604349
1744011706,0,0.31946826,0.06914514,0.029633634,16.3,0.604349
1744011706,1,0.4461443,0.05432833,0.040746246,18.6,0.604349
1744011706,2,0.15973413,0.03457257,0.014816817,15.8,-0.604349
1744011706,3,0.08821111,0.13829029,-0.004938939,15.8,-0.604349
1744011706,0,0.081566975,-0.0074084084,0.004938939,21.3,0.604349
1744011706,1,1.9983909,0.18150602,0.12100401,12.5,0.604349
1744011706,2,0.081117146,-0.0074084084,0.009877878,12.1,-0.604349
1744011706,3,0.19755675,0.049389392,0.024694696,24.3,-0.604349
1744011706,4,0.31048474,0.098778784,0.039511513,24.6,-0.604349
1744011706,5,2.0194533,0.1852102,0.3086837,13.7,-0.604349
1744011706,0,0.08186548,-0.0024694696,0.004938939,27.1,0.604349
1744011706,1,0.12212596,-0.0037042042,0.014816817,26.7,-0.604349
1744011706,2,0.2312078,0.08149249,0.022225225,31.1,-0.604349
1744011706,3,1.983683,0.30251,0.12100401,15.3,-0.604349
1744011706,0,0.04093274,0.0012347348,0.0024694696,20.0,0.604349
1744011706,1,0.25390717,0.12964714,0.03457257,28.2,-1.208698
1744011706,2,0.14348374,0.079023026,0.009877878,28.1,-0.604349
1744011706,3,1.916101,0.60502,0.060502004,13.5,-0.604349
1744011706,0,0.08186548,-0.0024694696,0.004938939,17.4,0.604349
1744011706,1,0.15649435,-0.049389392,0.0,20.3,0.604349
1744011706,2,0.24123375,-0.15557657,0.008643143,18.1,0.604349
1744011706,3,1.9919696,0.24200802,-0.12100401,12.4,0.604349
1744011706,4,6.19909,0.3753594,0.56303906,11.4,4.230443
1744011706,5,0.15727179,-0.04445045,0.014816817,16.4,-0.604349
1744011706,6,0.24613866,-0.14693344,0.017286286,21.7,-0.604349
1744011706,7,0.17112365,0.22472171,0.051858857,21.7,-0.604349
1744011706,8,0.32283843,0.1778018,0.022225225,23.1,-0.604349
1744011706,9,2.0438416,0.123473465,0.123473465,12.3,-0.604349
1744011706,0,0.10318662,0.06667568,0.0074084084,18.6,0.604349
1744011706,1,0.08874577,-0.085196696,-0.0037042042,18.6,0.604349
1744011706,2,0.099875644,0.07037988,0.014816817,12.2,-0.604349
1744011706,3,0.10450622,-0.059267268,-0.21484385,13.2,-0.604349
1744011706,4,0.14073518,-0.009877878,0.29633632,16.7,-0.604349
1744011706,0,0.081566975,0.0074084084,0.004938939,25.0,0.604349
1744011706,1,0.08077814,0.012347348,0.0074084084,13.5,-0.604349
1744011706,2,0.22458497,0.09630931,0.029633634,28.4,-0.604349
1744011706,3,1.6197124,0.870488,0.5803253,12.9,-0.604349
1744011707,0,0.081566975,0.004938939,0.0074084084,21.1,0.604349
1744011707,1,0.08130488,0.004938939,0.009877878,14.5,-0.604349
1744011707,2,0.0683464,0.017286286,-0.04198098,14.5,-0.604349
1744011707,0,0.07254491,-0.03704204,0.009877878,19.7,0.604349
1744011707,1,0.07963768,0.019755756,0.0,19.7,0.604349
1744011707,2,0.17142276,0.11112613,0.01852102,23.8,-0.604349
1744011707,3,0.4291743,0.23706907,-0.04445045,12.2,-0.604349
1744011707,4,0.09132675,-0.37042043,0.31115317,12.2,-0.604349
1744011707,5,0.23706517,0.118534535,-0.41487086,12.2,-0.604349
1744011707,0,0.081566975,0.0074084084,0.004938939,26.0,0.604349
1744011707,1,5.726511,-2.439836,-0.3753594,12.0,-4.834792
1744011707,2,5.808956,2.0644765,-0.9383984,12.0,-4.834792
1744011707,3,0.08077814,0.012347348,0.0074084084,18.8,-0.604349
1744011707,4,0.21763472,-0.111126125,0.029633634,24.4,-0.604349
1744011707,0,0.07959938,-0.017286286,0.009877878,20.4,0.604349
1744011707,1,0.07424819,0.03457257,0.004938939,20.4,0.604349
1744011707,2,0.061439265,0.0024694696,-0.05432833,20.4,0.604349
1744011707,3,4.9227614,0.7507188,-3.7535937,11.9,4.230443
1744011707,4,6.210444,-0.0,0.56303906,11.9,4.230443
1744011707,5,0.24470092,-0.022225225,0.014816817,22.0,-0.604349
1744011707,6,0.17903098,-0.04445045,0.16298498,22.0,-0.604349
1744011707,7,0.20071065,0.14075977,0.022225225,22.0,-0.604349
1744011707,0,0.07304754,0.03704204,0.004938939,16.0,0.604349
1744011707,1,0.079253875,-0.017286286,0.012347348,16.0,0.604349
1744011707,2,0.052617174,0.027164165,0.0567978,16.0,0.604349
1744011707,3,4.8904567,0.9383984,-3.7535937,12.3,4.230443
1744011707,4,6.1905613,-0.0,0.7507188,12.3,4.230443
1744011707,5,5.197716,-3.002875,1.6891172,12.3,4.230443
1744011707,6,0.13064693,-0.022225225,0.20743543,20.8,-0.604349
1744011707,7,0.246043,-0.0,0.0074084084,20.8,-0.604349
1744011707,0,0.114530705,0.04445045,-0.0074084084,19.7,0.604349
1744011707,1,0.06615833,-0.103717715,0.0037042042,19.7,0.604349
1744011707,2,0.1931671,0.012347348,0.06791041,19.5,-0.604349
1744011707,3,0.20213401,0.024694696,-0.024694696,19.5,-0.604349
1744011707,0,0.081454754,-0.0,0.009877878,20.6,0.604349
1744011707,1,0.08130488,0.009877878,-0.004938939,20.6,0.604349
1744011707,2,0.077069275,-0.022225225,-0.017286286,20.6,0.604349
1744011707,3,0.17142276,0.11112613,0.01852102,25.9,0.604349
1744011707,4,0.1230215,-0.0,-0.0037042042,18.5,-0.604349
1744011707,5,0.09480097,-0.025929429,0.07408408,18.5,-0.604349
1744011707,6,0.13011003,0.05432833,0.08396196,19.4,-0.604349
1744011707,7,0.11718839,-0.049389392,0.103717715,19.4,-0.604349
1744011707,8,0.16373096,-0.009877878,0.004938939,19.4,-0.604349
1744011707,9,1.9899843,0.43215713,-0.24694693,11.3,-0.604349
1744011707,10,1.0403904,1.7286285,-0.3704204,11.3,-0.604349
1744011707,0,0.14228873,0.03457257,0.07408408,22.1,-0.604349
1744011707,0,0.07615387,-0.029633634,0.0074084084,13.8,0.604349
1744011707,1,0.06353746,-0.0024694696,-0.051858857,13.8,0.604349
1744011707,2,5.238219,-3.3782344,-0.1876797,12.5,-4.834792
1744011707,3,5.9910445,1.1260781,-1.3137578,12.5,-4.834792
1744011707,4,0.14634532,0.004938939,0.07408408,13.7,-0.604349
1744011707,5,0.21032465,0.12594295,0.022225225,16.8,-0.604349
1744011707,6,0.22458497,-0.029633634,0.09630931,16.8,-0.604349
1744011707,0,0.08036184,-0.014816817,0.0074084084,21.7,0.604349
1744011707,1,0.071529046,0.0074084084,-0.039511513,21.7,0.604349
1744011707,2,0.079292335,-0.019755756,0.0074084084,15.1,-0.604349
1744011707,3,0.074042566,0.0074084084,-0.03457257,15.1,-0.604349
1744011707,4,0.1792484,0.092605114,0.03704204,15.8,-0.604349
1744011707,0,0.040876836,0.0024694696,0.0024694696,21.0,0.604349
1744011707,1,0.03283075,0.0074084084,-0.023459962,21.0,0.604349
1744011707,2,6.1385183,0.37288988,0.74577975,11.4,4.230443
1744011707,3,5.0855107,1.1186696,-3.356009,11.4,4.230443
1744011707,4,0.081117146,0.0074084084,0.009877878,19.1,-0.604349
1744011707,5,0.06382475,-0.049389392,0.014816817,19.1,-0.604349
1744011707,6,0.06580066,-0.03704204,-0.032103103,19.1,-0.604349
1744011707,7,2.0011365,0.18150602,0.060502004,12.0,-0.604349
1744011707,0,0.08077814,-0.0074084084,0.012347348,28.3,0.604349
1744011707,1,0.07174187,0.004938939,-0.039511513,28.3,0.604349
1744011707,2,0.07948437,-0.004938939,0.019755756,25.7,-0.604349
1744011707,3,0.07424819,0.004938939,-0.03457257,25.7,-0.604349
1744011707,4,0.068791084,0.04445045,0.004938939,25.7,-0.604349
1744011707,5,1.986449,0.30251,-0.060502004,14.1,-0.604349
1744011707,0,0.03966539,-0.0074084084,0.0074084084,29.5,0.604349
1744011707,1,0.03652377,0.0024694696,-0.01852102,29.5,0.604349
1744011707,2,0.02300028,-0.032103103,0.011112613,29.5,0.604349
1744011707,3,0.068923935,0.04198098,0.014816817,28.7,-0.604349
1744011707,4,0.038176402,-0.06914514,0.022225225,28.7,-0.604349
1744011707,5,0.07832508,-0.017286286,0.017286286,28.7,-0.604349
1744011707,0,0.037996773,0.0074084084,-0.013582082,26.7,0.604349
1744011707,1,0.029581923,-0.023459962,-0.016051551,26.7,0.604349
1744011707,2,0.07424819,-0.03457257,-0.004938939,22.9,-0.604349
1744011707,3,0.021947952,0.049389392,-0.061736733,22.9,-0.604349
1744011707,4,0.077069275,0.017286286,-0.022225225,22.9,-0.604349
1744011707,0,0.0656615,-0.014816817,-0.046919923,28.1,0.604349
1744011707,1,2.174236,-4.1017885,-4.1017885,11.7,-4.834792
1744011707,2,4.218733,-4.4746785,0.74577975,11.7,-4.834792
1744011707,3,6.1892743,-0.18644494,0.18644494,11.7,-4.834792
1744011707,4,1.7902673,-4.128953,-4.3166327,11.5,-4.834792
1744011707,5,4.2756033,-4.5043125,0.56303906,11.5,-4.834792
1744011707,6,6.235914,-0.0,0.0,11.5,-4.834792
1744011707,7,0.06735776,-0.014816817,-0.04445045,24.7,-0.604349
1744011707,0,0.078247175,-0.0,0.024694696,18.4,0.604349
1744011707,1,0.07809115,-0.004938939,-0.024694696,18.4,0.604349
1744011707,2,0.044723414,-0.064206205,-0.024694696,18.4,0.604349
1744011707,3,5.4485054,-0.93222475,-2.7966743,12.4,4.230443
1744011707,4,2.6759336,-5.0340133,-2.4237843,12.4,4.230443
1744011707,5,0.07615387,-0.0074084084,-0.029633634,17.3,-0.604349
1744011707,6,0.077424526,-0.0,0.027164165,17.3,-0.604349
1744011707,7,0.05120751,-0.061736733,-0.017286286,17.3,-0.604349
1744011707,0,0.0341732,-0.008643143,-0.02099049,17.4,0.604349
1744011707,1,0.035572182,-0.008643143,-0.01852102,16.2,-0.604349
1744011707,0,0.07216564,-0.022225225,-0.032103103,21.9,0.604349
1744011707,1,0.0581764,0.03704204,-0.04445045,21.9,0.604349
1744011707,2,0.20623425,0.2592943,-0.5185886,12.9,0.604349
1744011707,3,5.2436843,-2.2373393,-2.4237843,11.9,4.230443
1744011707,4,0.07288038,-0.019755756,-0.032103103,20.8,-0.604349
1744011707,5,0.21550213,0.3160921,-0.5334054,11.8,-0.604349
1744011707,0,0.075510524,0.029633634,-0.012347348,21.8,0.604349
1744011707,1,4.5631104,-3.5424538,-2.2373393,11.9,4.230443
1744011707,2,0.071529046,-0.029633634,-0.027164165,21.8,-0.604349
1744011707,3,0.07615387,0.029633634,-0.0074084084,21.8,-0.604349
1744011707,4,0.035270344,0.04445045,-0.059267268,21.8,-0.604349
1744011707,0,0.07824718,-0.019755756,0.014816817,23.2,0.604349
1744011707,1,4.7861967,-3.356009,-2.0508943,13.2,4.230443
1744011707,2,5.499309,0.5593348,-2.7966743,13.2,4.230443
1744011707,3,0.07773894,-0.019755756,0.017286286,23.4,-0.604349
1744011707,0,0.078364,-0.022225225,0.009877878,20.9,0.604349
1744011707,1,4.501754,-3.728899,-2.0508943,12.4,4.230443
1744011707,2,5.515089,0.37288988,-2.7966743,12.4,4.230443
1744011707,3,0.07824718,-0.019755756,0.014816817,20.2,-0.604349
1744011707,0,0.07801302,-0.022225225,0.012347348,21.5,0.604349
1744011707,1,4.501754,-3.728899,-2.0508943,14.7,4.230443
1744011707,2,5.4261293,0.18644494,-2.983119,14.7,4.230443
1744011707,3,0.0775819,-0.022225225,0.014816817,22.3,-0.604349
1744011707,0,0.07416601,0.022225225,0.027164165,21.7,0.604349
1744011707,1,0.072418705,0.024694696,-0.029633634,21.7,0.604349
1744011707,2,0.07416601,0.022225225,-0.027164165,22.1,-0.604349
1744011707,3,0.07216564,0.022225225,0.032103103,22.1,-0.604349
1744011707,0,0.07514623,-0.032103103,0.0074084084,25.1,0.604349
1744011707,1,0.06735776,-0.014816817,-0.04445045,25.1,0.604349
1744011707,2,4.0805106,-3.728899,-2.7966743,12.7,4.230443
1744011707,3,5.193727,0.37288988,-3.356009,12.7,4.230443
1744011707,4,0.07449418,-0.032103103,0.012347348,23.9,-0.604349
1744011707,5,0.06940886,-0.012347348,-0.04198098,23.9,-0.604349
1744011707,0,0.07292221,-0.03457257,0.014816817,19.5,0.604349
1744011707,1,0.07174187,-0.03457257,0.019755756,19.5,-0.604349
1744011707,2,0.06753859,-0.024694696,-0.039511513,19.5,-0.604349
1744011707,0,0.07169936,-0.03704204,0.014816817,19.1,0.604349
1744011707,1,0.0808536,0.009877878,0.009877878,19.1,0.604349
1744011707,2,0.041615624,0.06914514,0.014816817,19.1,0.604349
1744011707,3,4.267885,-3.356009,-2.983119,12.7,4.230443
1744011707,4,0.07174187,-0.03457257,0.019755756,18.2,-0.604349
1744011707,5,0.06305574,-0.03457257,-0.039511513,18.2,-0.604349
1744011707,6,0.03483541,0.071614616,0.019755756,18.2,-0.604349
